bot_naam,gemeente,code,lat,lon,eindstand,is_oefenbot
oefenbot_GM0518_1,'s-Gravenhage,GM0518,52.11824,4.31547,514.4,True
oefenbot_GM0518_2,'s-Gravenhage,GM0518,52.09677,4.35889,611.4,True
oefenbot_GM0518_3,'s-Gravenhage,GM0518,52.07057,4.29614,962.8,True
oefenbot_GM0518_4,'s-Gravenhage,GM0518,52.09192,4.33308,868.6,True
oefenbot_GM0518_5,'s-Gravenhage,GM0518,52.0683,4.27331,932.6,True
oefenbot_GM0518_6,'s-Gravenhage,GM0518,52.0528,4.3706,1118.4,True
oefenbot_GM0518_7,'s-Gravenhage,GM0518,52.04114,4.27192,612.4,True
oefenbot_GM0547_1,Leiderdorp,GM0547,52.14155,4.559,883.6,True
oefenbot_GM0080_1,Leeuwarden,GM0080,53.16209,5.8674,841.0,True
oefenbot_GM0080_2,Leeuwarden,GM0080,53.13772,5.79782,825.4,True
oefenbot_GM0080_3,Leeuwarden,GM0080,53.10457,5.83362,841.5,True
oefenbot_GM0080_4,Leeuwarden,GM0080,53.1746,5.71343,863.9,True
oefenbot_GM0753_1,Best,GM0753,51.51218,5.36874,966.1,True
oefenbot_GM0376_1,Blaricum,GM0376,52.26736,5.21102,848.6,True
oefenbot_GM0762_1,Deurne,GM0762,51.44413,5.77013,989.6,True
oefenbot_GM0762_2,Deurne,GM0762,51.40513,5.82248,767.1,True
oefenbot_GM0762_3,Deurne,GM0762,51.41304,5.89642,1048.3,True
oefenbot_GM0402_1,Hilversum,GM0402,52.24355,5.15601,876.6,True
oefenbot_GM0402_2,Hilversum,GM0402,52.22519,5.16849,924.9,True
oefenbot_GM0402_3,Hilversum,GM0402,52.19813,5.16562,843.6,True
oefenbot_GM1719_1,Drimmelen,GM1719,51.71958,4.79309,926.7,True
oefenbot_GM1719_2,Drimmelen,GM1719,51.71498,4.67376,819.1,True
oefenbot_GM1719_3,Drimmelen,GM1719,51.69043,4.71538,927.9,True
oefenbot_GM0200_1,Apeldoorn,GM0200,52.23505,5.93995,991.2,True
oefenbot_GM0200_2,Apeldoorn,GM0200,52.17326,5.92091,450.8,True
oefenbot_GM0200_3,Apeldoorn,GM0200,52.14207,6.03162,826.1,True
oefenbot_GM0158_1,Haaksbergen,GM0158,52.16345,6.84558,750.9,True
oefenbot_GM1876_1,Bronckhorst,GM1876,52.05853,6.21489,559.2,True
oefenbot_GM0718_1,Vlissingen,GM0718,51.4461,3.6134,536.0,True
oefenbot_GM0718_2,Vlissingen,GM0718,51.47139,3.622,947.3,True
oefenbot_GM0632_1,Woerden,GM0632,52.10997,4.8771,504.0,True
oefenbot_GM0632_2,Woerden,GM0632,52.15408,4.91058,910.6,True
oefenbot_GM0632_3,Woerden,GM0632,52.07319,4.99738,537.7,True
oefenbot_GM0632_4,Woerden,GM0632,52.11653,4.83197,646.5,True
oefenbot_GM0632_5,Woerden,GM0632,52.07755,4.85264,816.5,True
oefenbot_GM0632_6,Woerden,GM0632,52.14065,4.87865,938.5,True
oefenbot_GM0141_1,Almelo,GM0141,52.39526,6.65369,931.2,True
oefenbot_GM0141_2,Almelo,GM0141,52.35267,6.61544,806.2,True
oefenbot_GM0141_3,Almelo,GM0141,52.3628,6.62232,845.5,True
oefenbot_GM0141_4,Almelo,GM0141,52.35337,6.66222,899.1,True
oefenbot_GM0340_1,Rhenen,GM0340,51.95462,5.61564,524.2,True
oefenbot_GM1978_1,Molenlanden,GM1978,51.86595,4.7812,800.8,True
oefenbot_GM1978_2,Molenlanden,GM1978,51.85351,4.8159,834.2,True
oefenbot_GM1978_3,Molenlanden,GM1978,51.90764,4.96548,449.9,True
oefenbot_GM1978_4,Molenlanden,GM1978,51.86217,4.83165,849.5,True
oefenbot_GM0867_1,Waalwijk,GM0867,51.67381,5.02029,844.2,True
oefenbot_GM1734_1,Overbetuwe,GM1734,51.96697,5.80646,930.5,True
oefenbot_GM1734_2,Overbetuwe,GM1734,51.93623,5.73948,611.8,True
oefenbot_GM1734_3,Overbetuwe,GM1734,51.96478,5.72766,988.5,True
oefenbot_GM0420_1,Medemblik,GM0420,52.74256,5.22406,904.4,True
oefenbot_GM0597_1,Ridderkerk,GM0597,51.87459,4.58437,762.3,True
oefenbot_GM0597_2,Ridderkerk,GM0597,51.88431,4.61848,493.5,True
oefenbot_GM0597_3,Ridderkerk,GM0597,51.87141,4.60539,996.6,True
oefenbot_GM0917_1,Heerlen,GM0917,50.86135,6.00628,905.2,True
oefenbot_GM1667_1,Reusel-De Mierden,GM1667,51.41963,5.15963,1164.6,True
oefenbot_GM0451_1,Uithoorn,GM0451,52.23461,4.76851,1122.0,True
oefenbot_GM0451_2,Uithoorn,GM0451,52.23555,4.8261,709.0,True
oefenbot_GM0451_3,Uithoorn,GM0451,52.23115,4.75707,894.9,True
oefenbot_GM0451_4,Uithoorn,GM0451,52.24164,4.82624,837.0,True
oefenbot_GM0928_1,Kerkrade,GM0928,50.86763,6.03869,968.8,True
oefenbot_GM1696_1,Wijdemeren,GM1696,52.19861,5.06865,803.8,True
oefenbot_GM1696_2,Wijdemeren,GM1696,52.22875,5.13108,868.0,True
oefenbot_GM0281_1,Tiel,GM0281,51.91493,5.43562,531.1,True
oefenbot_GM1892_1,Zuidplas,GM1892,51.99592,4.57454,1063.9,True
oefenbot_GM1892_2,Zuidplas,GM1892,51.99617,4.63933,531.0,True
oefenbot_GM0213_1,Brummen,GM0213,52.12535,6.16571,829.2,True
oefenbot_GM0553_1,Lisse,GM0553,52.26609,4.53212,985.0,True
oefenbot_GM0294_1,Winterswijk,GM0294,51.96279,6.78657,684.7,True
oefenbot_GM0294_2,Winterswijk,GM0294,51.98745,6.74935,727.8,True
oefenbot_GM0294_3,Winterswijk,GM0294,51.90885,6.72622,908.2,True
oefenbot_GM0294_4,Winterswijk,GM0294,52.0081,6.71213,572.3,True
oefenbot_GM0294_5,Winterswijk,GM0294,51.9807,6.72647,842.2,True
oefenbot_GM0294_6,Winterswijk,GM0294,51.91763,6.73764,1142.5,True
oefenbot_GM0431_1,Oostzaan,GM0431,52.46307,4.88403,719.0,True
oefenbot_GM0431_2,Oostzaan,GM0431,52.46333,4.86105,941.0,True
oefenbot_GM0983_1,Venlo,GM0983,51.45359,6.18021,846.5,True
oefenbot_GM0983_2,Venlo,GM0983,51.39497,6.20707,802.0,True
oefenbot_GM0355_1,Zeist,GM0355,52.11708,5.25458,839.2,True
oefenbot_GM0109_1,Coevorden,GM0109,52.72061,6.79571,1134.5,True
oefenbot_GM0505_1,Dordrecht,GM0505,51.76792,4.70514,617.2,True
oefenbot_GM0505_2,Dordrecht,GM0505,51.81373,4.80536,876.2,True
oefenbot_GM0505_3,Dordrecht,GM0505,51.76522,4.73001,769.0,True
oefenbot_GM0622_1,Vlaardingen,GM0622,51.92004,4.35151,620.4,True
oefenbot_GM0622_2,Vlaardingen,GM0622,51.90614,4.2719,747.4,True
oefenbot_GM0622_3,Vlaardingen,GM0622,51.94469,4.35326,1034.6,True
oefenbot_GM0629_1,Wassenaar,GM0629,52.10212,4.38371,823.9,True
oefenbot_GM0629_2,Wassenaar,GM0629,52.13916,4.34321,817.0,True
oefenbot_GM0090_1,Smallingerland,GM0090,53.08489,6.10209,1096.1,True
oefenbot_GM0392_1,Haarlem,GM0392,52.36138,4.67086,505.0,True
oefenbot_GM0392_2,Haarlem,GM0392,52.3831,4.66469,877.4,True
oefenbot_GM0392_3,Haarlem,GM0392,52.37548,4.64674,1053.7,True
oefenbot_GM0537_1,Katwijk,GM0537,52.17293,4.44016,1166.5,True
oefenbot_GM0537_2,Katwijk,GM0537,52.20032,4.39698,746.3,True
oefenbot_GM0537_3,Katwijk,GM0537,52.16745,4.44134,742.4,True
oefenbot_GM1699_1,Noordenveld,GM1699,53.16191,6.44619,942.7,True
oefenbot_GM0546_1,Leiden,GM0546,52.15446,4.47214,824.6,True
oefenbot_GM0546_2,Leiden,GM0546,52.17154,4.46772,533.4,True
oefenbot_GM1982_1,Land van Cuijk,GM1982,51.65549,5.82061,625.4,True
oefenbot_GM1982_2,Land van Cuijk,GM1982,51.60119,5.82218,1020.2,True
oefenbot_GM0405_1,Hoorn,GM0405,52.66163,5.04069,868.3,True
oefenbot_GM0405_2,Hoorn,GM0405,52.64446,5.09765,1022.7,True
oefenbot_GM1961_1,Vijfheerenlanden,GM1961,51.94304,5.10153,979.4,True
oefenbot_GM1961_2,Vijfheerenlanden,GM1961,51.91792,5.04791,740.2,True
oefenbot_GM0177_1,Raalte,GM0177,52.36464,6.21207,797.9,True
oefenbot_GM1742_1,Rijssen-Holten,GM1742,52.28998,6.52918,794.7,True
oefenbot_GM1742_2,Rijssen-Holten,GM1742,52.29673,6.47333,832.4,True
oefenbot_GM0293_1,Westervoort,GM0293,51.95286,5.95829,711.7,True
oefenbot_GM0034_1,Almere,GM0034,52.41565,5.24517,776.4,True
oefenbot_GM0034_2,Almere,GM0034,52.31001,5.30515,705.6,True
oefenbot_GM0085_1,Ooststellingwerf,GM0085,52.93847,6.33437,767.2,True
oefenbot_GM1773_1,Olst-Wijhe,GM1773,52.39805,6.2029,911.0,True
oefenbot_GM1959_1,Altena,GM1959,51.76213,4.93012,823.5,True
oefenbot_GM0093_1,Terschelling,GM0093,53.36105,5.21253,535.5,True
oefenbot_GM0758_1,Breda,GM0758,51.57214,4.82592,887.3,True
oefenbot_GM0758_2,Breda,GM0758,51.60298,4.71508,1065.7,True
oefenbot_GM0375_1,Beverwijk,GM0375,52.49474,4.66933,1084.8,True
oefenbot_GM0375_2,Beverwijk,GM0375,52.4876,4.67824,979.9,True
oefenbot_GM0394_1,Haarlemmermeer,GM0394,52.25326,4.70286,1020.6,True
oefenbot_GM0415_1,Landsmeer,GM0415,52.44517,4.92655,658.0,True
oefenbot_GM0275_1,Rheden,GM0275,52.01411,6.08324,983.8,True
oefenbot_GM0275_2,Rheden,GM0275,51.99642,5.96502,769.2,True
oefenbot_GM0716_1,Tholen,GM0716,51.57601,4.16187,741.2,True
oefenbot_GM0228_1,Ede,GM0228,52.1085,5.67537,792.9,True
oefenbot_GM0228_2,Ede,GM0228,52.07068,5.72787,1068.9,True
oefenbot_GM0988_1,Weert,GM0988,51.23232,5.66594,932.6,True
oefenbot_GM0988_2,Weert,GM0988,51.22725,5.67231,923.8,True
oefenbot_GM0197_1,Aalten,GM0197,51.93461,6.59178,747.8,True
oefenbot_GM0197_2,Aalten,GM0197,51.90359,6.52097,934.3,True
oefenbot_GM0396_1,Heemskerk,GM0396,52.51544,4.6158,680.4,True
oefenbot_GM0396_2,Heemskerk,GM0396,52.50278,4.64212,817.9,True
oefenbot_GM0396_3,Heemskerk,GM0396,52.49462,4.68629,982.8,True
oefenbot_GM0310_1,De Bilt,GM0310,52.13771,5.19402,1142.1,True
oefenbot_GM0310_2,De Bilt,GM0310,52.13509,5.15008,879.0,True
oefenbot_GM0310_3,De Bilt,GM0310,52.17468,5.11943,865.9,True
oefenbot_GM1729_1,Gulpen-Wittem,GM1729,50.78556,5.88975,807.0,True
oefenbot_GM1729_2,Gulpen-Wittem,GM1729,50.82264,5.91043,604.8,True
oefenbot_GM1729_3,Gulpen-Wittem,GM1729,50.84384,5.92233,898.0,True
oefenbot_GM0321_1,Houten,GM0321,51.99264,5.22825,893.4,True
oefenbot_GM0321_2,Houten,GM0321,51.99386,5.17752,531.0,True
oefenbot_GM0321_3,Houten,GM0321,52.02102,5.17867,762.5,True
oefenbot_GM0534_1,Hillegom,GM0534,52.29401,4.56642,744.6,True
oefenbot_GM0400_1,Den Helder,GM0400,52.90396,4.72272,1041.0,True
oefenbot_GM0400_2,Den Helder,GM0400,52.90567,4.75973,976.0,True
oefenbot_GM0400_3,Den Helder,GM0400,52.96123,4.76441,731.0,True
oefenbot_GM1774_1,Dinkelland,GM1774,52.37253,6.88046,740.2,True
oefenbot_GM1774_2,Dinkelland,GM1774,52.38685,6.95416,766.4,True
oefenbot_GM0599_1,Rotterdam,GM0599,51.95026,4.56051,605.8,True
oefenbot_GM0599_2,Rotterdam,GM0599,51.96782,3.99606,703.2,True
oefenbot_GM0599_3,Rotterdam,GM0599,51.87821,4.47354,717.3,True
oefenbot_GM0599_4,Rotterdam,GM0599,51.94633,4.15739,662.4,True
oefenbot_GM0599_5,Rotterdam,GM0599,51.97413,3.98191,912.3,True
oefenbot_GM0798_1,Hilvarenbeek,GM0798,51.50499,5.14306,537.0,True
oefenbot_GM0946_1,Nederweert,GM0946,51.29349,5.70168,973.0,True
oefenbot_GM1911_1,Hollands Kroon,GM1911,52.90381,4.98783,947.3,True
oefenbot_GM1911_2,Hollands Kroon,GM1911,52.91773,4.97966,704.2,True
oefenbot_GM0441_1,Schagen,GM0441,52.8105,4.7482,769.2,True
oefenbot_GM0441_2,Schagen,GM0441,52.80658,4.69028,893.2,True
oefenbot_GM0119_1,Meppel,GM0119,52.7156,6.15956,1098.1,True
oefenbot_GM0777_1,Etten-Leur,GM0777,51.57882,4.61195,607.8,True
oefenbot_GM0777_2,Etten-Leur,GM0777,51.60129,4.62333,960.5,True
oefenbot_GM0777_3,Etten-Leur,GM0777,51.60407,4.61612,729.3,True
oefenbot_GM0777_4,Etten-Leur,GM0777,51.62389,4.65304,962.9,True
oefenbot_GM0384_1,Diemen,GM0384,52.34162,4.95751,941.5,True
oefenbot_GM0384_2,Diemen,GM0384,52.32236,5.00039,774.4,True
oefenbot_GM0575_1,Noordwijk,GM0575,52.3109,4.53521,654.1,True
oefenbot_GM0575_2,Noordwijk,GM0575,52.26715,4.45796,763.6,True
oefenbot_GM0383_1,Castricum,GM0383,52.5389,4.6645,918.2,True
oefenbot_GM0888_1,Beek (L.),GM0888,50.93194,5.83717,898.3,True
oefenbot_GM0556_1,Maassluis,GM0556,51.92646,4.24934,676.7,True
oefenbot_GM0114_1,Emmen,GM0114,52.77272,6.96302,709.2,True
oefenbot_GM0114_2,Emmen,GM0114,52.80558,6.86675,784.4,True
oefenbot_GM0489_1,Barendrecht,GM0489,51.86368,4.55326,454.3,True
oefenbot_GM0417_1,Laren (NH.),GM0417,52.24916,5.21295,873.0,True
oefenbot_GM0417_2,Laren (NH.),GM0417,52.25768,5.23854,1021.6,True
oefenbot_GM1895_1,Oldambt,GM1895,53.21147,7.15233,572.7,True
oefenbot_GM1895_2,Oldambt,GM1895,53.18065,7.21429,548.6,True
oefenbot_GM1895_3,Oldambt,GM1895,53.20664,7.12245,945.1,True
oefenbot_GM1895_4,Oldambt,GM1895,53.21482,7.12437,932.6,True
oefenbot_GM0715_1,Terneuzen,GM0715,51.29268,3.92473,1015.6,True
oefenbot_GM0715_2,Terneuzen,GM0715,51.32897,3.91774,832.6,True
oefenbot_GM1714_1,Sluis,GM1714,51.31937,3.53517,1105.8,True
oefenbot_GM1714_2,Sluis,GM1714,51.35083,3.42853,1006.7,True
oefenbot_GM0308_1,Baarn,GM0308,52.21297,5.22028,737.2,True
oefenbot_GM0668_1,West Maas en Waal,GM0668,51.86473,5.53614,771.7,True
oefenbot_GM1705_1,Lingewaard,GM1705,51.88321,5.88486,524.0,True
oefenbot_GM0889_1,Beesel,GM0889,51.27411,6.03365,853.3,True
oefenbot_GM0889_2,Beesel,GM0889,51.25371,6.08319,900.0,True
oefenbot_GM0994_1,Valkenburg aan de Geul,GM0994,50.84849,5.86547,868.3,True
oefenbot_GM0935_1,Maastricht,GM0935,50.84483,5.75152,867.5,True
oefenbot_GM0935_2,Maastricht,GM0935,50.84445,5.66917,1058.2,True
oefenbot_GM0935_3,Maastricht,GM0935,50.89689,5.70113,1039.1,True
oefenbot_GM0385_1,Edam-Volendam,GM0385,52.52953,5.02429,733.6,True
oefenbot_GM0385_2,Edam-Volendam,GM0385,52.55108,5.02401,500.6,True
oefenbot_GM1955_1,Montferland,GM1955,51.94387,6.23627,601.4,True
oefenbot_GM1955_2,Montferland,GM1955,51.89869,6.31328,1093.9,True
oefenbot_GM0907_1,Gennep,GM0907,51.6789,5.99152,706.7,True
oefenbot_GM0473_1,Zandvoort,GM0473,52.33793,4.52857,1109.9,True
oefenbot_GM0473_2,Zandvoort,GM0473,52.35223,4.54504,898.8,True
oefenbot_GM0289_1,Wageningen,GM0289,51.9645,5.70601,427.8,True
oefenbot_GM0289_2,Wageningen,GM0289,51.98495,5.69516,833.9,True
oefenbot_GM0289_3,Wageningen,GM0289,51.96636,5.66584,670.7,True
oefenbot_GM0289_4,Wageningen,GM0289,51.98056,5.6336,754.4,True
oefenbot_GM0303_1,Dronten,GM0303,52.48073,5.73939,768.2,True
oefenbot_GM0303_2,Dronten,GM0303,52.57966,5.58654,669.3,True
oefenbot_GM1916_1,Leidschendam-Voorburg,GM1916,52.10214,4.3993,445.4,True
oefenbot_GM0183_1,Tubbergen,GM0183,52.42088,6.83653,529.2,True
oefenbot_GM0183_2,Tubbergen,GM0183,52.42273,6.81082,1095.0,True
oefenbot_GM0363_1,Amsterdam,GM0363,52.37066,4.77355,792.8,True
oefenbot_GM0363_2,Amsterdam,GM0363,52.37148,4.84399,850.0,True
oefenbot_GM0363_3,Amsterdam,GM0363,52.42079,4.81488,587.4,True
oefenbot_GM0363_4,Amsterdam,GM0363,52.37949,4.89919,833.1,True
oefenbot_GM0363_5,Amsterdam,GM0363,52.34865,4.93333,966.2,True
oefenbot_GM0363_6,Amsterdam,GM0363,52.41661,4.98755,1041.2,True
oefenbot_GM0363_7,Amsterdam,GM0363,52.3987,4.96808,704.9,True
oefenbot_GM0344_1,Utrecht,GM0344,52.05823,5.04869,1125.5,True
oefenbot_GM0344_2,Utrecht,GM0344,52.06939,5.07414,946.9,True
oefenbot_GM0344_3,Utrecht,GM0344,52.07483,5.0169,737.9,True
oefenbot_GM0344_4,Utrecht,GM0344,52.09121,5.17682,611.7,True
oefenbot_GM0344_5,Utrecht,GM0344,52.11975,5.12658,703.1,True
oefenbot_GM0344_6,Utrecht,GM0344,52.06518,5.09375,683.7,True
oefenbot_GM1966_1,Het Hogeland,GM1966,53.53616,6.47913,618.0,True
oefenbot_GM1966_2,Het Hogeland,GM1966,53.37384,6.2814,890.7,True
oefenbot_GM0848_1,Son en Breugel,GM0848,51.52347,5.461,1026.8,True
oefenbot_GM0439_1,Purmerend,GM0439,52.51651,4.99689,837.0,True
oefenbot_GM0439_2,Purmerend,GM0439,52.53067,4.87949,963.0,True
oefenbot_GM0439_3,Purmerend,GM0439,52.56104,4.96126,1024.3,True
oefenbot_GM1969_1,Westerkwartier,GM1969,53.23199,6.30761,1144.5,True
oefenbot_GM1969_2,Westerkwartier,GM1969,53.26573,6.29892,851.7,True
oefenbot_GM0687_1,Middelburg (Z.),GM0687,51.4808,3.59047,898.3,True
oefenbot_GM0050_1,Zeewolde,GM0050,52.33508,5.39458,919.3,True
oefenbot_GM1771_1,Geldrop-Mierlo,GM1771,51.42043,5.55674,1053.8,True
oefenbot_GM0014_1,Groningen,GM0014,53.19822,6.60761,906.4,True
oefenbot_GM0277_1,Rozendaal,GM0277,52.02204,5.94876,950.5,True
oefenbot_GM0277_2,Rozendaal,GM0277,52.05761,5.97384,872.6,True
oefenbot_GM1949_1,Waadhoeke,GM1949,53.17342,5.56568,978.0,True
oefenbot_GM1674_1,Roosendaal,GM1674,51.54725,4.46177,994.5,True
oefenbot_GM1674_2,Roosendaal,GM1674,51.46683,4.42945,603.3,True
oefenbot_GM1674_3,Roosendaal,GM1674,51.53394,4.42461,1067.4,True
oefenbot_GM0858_1,Valkenswaard,GM0858,51.31152,5.44016,791.2,True
oefenbot_GM0826_1,Oosterhout,GM0826,51.66436,4.91927,904.6,True
oefenbot_GM1991_1,Maashorst,GM1991,51.67987,5.59694,982.3,True
oefenbot_GM1991_2,Maashorst,GM1991,51.63115,5.70798,544.6,True
oefenbot_GM0074_1,Heerenveen,GM0074,52.93232,6.06108,896.8,True
oefenbot_GM0214_1,Buren,GM0214,51.92288,5.37074,912.9,True
oefenbot_GM0214_2,Buren,GM0214,51.92752,5.28716,871.1,True
oefenbot_GM0214_3,Buren,GM0214,51.91996,5.27588,851.4,True
oefenbot_GM0214_4,Buren,GM0214,51.9583,5.51438,919.9,True
oefenbot_GM0626_1,Voorschoten,GM0626,52.1138,4.42716,810.5,True
oefenbot_GM0626_2,Voorschoten,GM0626,52.12289,4.4399,853.3,True
oefenbot_GM0273_1,Putten,GM0273,52.26232,5.64228,1003.4,True
oefenbot_GM0273_2,Putten,GM0273,52.22703,5.56776,964.9,True
oefenbot_GM0589_1,Oudewater,GM0589,52.01721,4.85994,900.2,True
oefenbot_GM0230_1,Elburg,GM0230,52.38896,5.82436,1097.8,True
oefenbot_GM0335_1,Montfoort,GM0335,52.05852,4.9389,913.1,True
oefenbot_GM0335_2,Montfoort,GM0335,52.06354,4.90345,947.3,True
oefenbot_GM1894_1,Peel en Maas,GM1894,51.37989,6.06111,885.1,True
oefenbot_GM1894_2,Peel en Maas,GM1894,51.32904,5.93962,877.5,True
oefenbot_GM1659_1,Laarbeek,GM1659,51.50546,5.62114,955.6,True
oefenbot_GM0880_1,Wormerland,GM0880,52.49717,4.83842,1013.0,True
oefenbot_GM0880_2,Wormerland,GM0880,52.49111,4.85808,845.9,True
oefenbot_GM0717_1,Veere,GM0717,51.56068,3.51195,519.3,True
oefenbot_GM0059_1,Achtkarspelen,GM0059,53.20372,6.1822,790.3,True
oefenbot_GM0757_1,Boxtel,GM0757,51.57839,5.31701,750.5,True
oefenbot_GM0757_2,Boxtel,GM0757,51.54881,5.3561,1001.1,True
oefenbot_GM1731_1,Midden-Drenthe,GM1731,52.85261,6.64078,948.6,True
oefenbot_GM0175_1,Ommen,GM0175,52.5053,6.52209,922.3,True
oefenbot_GM1926_1,Pijnacker-Nootdorp,GM1926,51.99124,4.43658,985.6,True
oefenbot_GM1926_2,Pijnacker-Nootdorp,GM1926,51.98938,4.41329,856.2,True
oefenbot_GM0794_1,Helmond,GM0794,51.46149,5.59956,831.8,True
oefenbot_GM0794_2,Helmond,GM0794,51.4746,5.70029,501.5,True
oefenbot_GM0377_1,Bloemendaal,GM0377,52.42558,4.59311,798.3,True
oefenbot_GM0377_2,Bloemendaal,GM0377,52.42433,4.56285,965.1,True
oefenbot_GM0377_3,Bloemendaal,GM0377,52.40209,4.60253,651.8,True
oefenbot_GM0252_1,Heumen,GM0252,51.78331,5.79548,849.4,True
oefenbot_GM0252_2,Heumen,GM0252,51.7679,5.76841,729.2,True
oefenbot_GM1883_1,Sittard-Geleen,GM1883,50.9533,5.80566,695.4,True
oefenbot_GM1883_2,Sittard-Geleen,GM1883,51.01741,5.83156,707.0,True
oefenbot_GM1883_3,Sittard-Geleen,GM1883,51.04499,5.83835,703.9,True
oefenbot_GM0268_1,Nijmegen,GM0268,51.85573,5.8576,939.6,True
oefenbot_GM0865_1,Vught,GM0865,51.65455,5.22754,705.7,True
oefenbot_GM0865_2,Vught,GM0865,51.67308,5.24442,1056.9,True
oefenbot_GM0267_1,Nijkerk,GM0267,52.25096,5.4327,517.9,True
oefenbot_GM0267_2,Nijkerk,GM0267,52.24568,5.42747,1128.9,True
oefenbot_GM1706_1,Cranendonck,GM1706,51.33017,5.60188,992.8,True
oefenbot_GM1706_2,Cranendonck,GM1706,51.24132,5.56517,1044.1,True
oefenbot_GM0307_1,Amersfoort,GM0307,52.14918,5.34715,715.7,True
oefenbot_GM0610_1,Sliedrecht,GM0610,51.8267,4.77208,394.7,True
oefenbot_GM0736_1,De Ronde Venen,GM0736,52.17715,4.8773,962.6,True
oefenbot_GM1701_1,Westerveld,GM1701,52.8617,6.33694,856.5,True
oefenbot_GM1598_1,Koggenland,GM1598,52.6626,4.98524,648.9,True
oefenbot_GM1507_1,Horst aan de Maas,GM1507,51.3904,5.9893,1034.1,True
oefenbot_GM1507_2,Horst aan de Maas,GM1507,51.42784,6.14693,739.9,True
oefenbot_GM0855_1,Tilburg,GM0855,51.63452,5.12242,643.4,True
oefenbot_GM1783_1,Westland,GM1783,51.96649,4.25699,971.6,True
oefenbot_GM1783_2,Westland,GM1783,52.05047,4.18656,938.3,True
oefenbot_GM1783_3,Westland,GM1783,51.96205,4.19263,643.2,True
oefenbot_GM0603_1,Rijswijk (ZH.),GM0603,52.02821,4.32847,734.0,True
oefenbot_GM0603_2,Rijswijk (ZH.),GM0603,52.0564,4.33787,883.3,True
oefenbot_GM0437_1,Ouder-Amstel,GM0437,52.29489,4.91036,906.3,True
oefenbot_GM0957_1,Roermond,GM0957,51.23797,6.06894,1000.1,True
oefenbot_GM0957_2,Roermond,GM0957,51.22157,6.00288,657.4,True
oefenbot_GM0957_3,Roermond,GM0957,51.1872,6.02955,1079.5,True
oefenbot_GM0606_1,Schiedam,GM0606,51.93074,4.40353,743.7,True
oefenbot_GM0606_2,Schiedam,GM0606,51.90923,4.3811,643.9,True
oefenbot_GM0606_3,Schiedam,GM0606,51.90752,4.39695,929.7,True
oefenbot_GM0606_4,Schiedam,GM0606,51.95742,4.36659,879.0,True
oefenbot_GM1901_1,Bodegraven-Reeuwijk,GM1901,52.061,4.76377,856.7,True
oefenbot_GM1509_1,Oude IJsselstreek,GM1509,51.87847,6.3552,864.6,True
oefenbot_GM1509_2,Oude IJsselstreek,GM1509,51.86923,6.45686,924.2,True
oefenbot_GM1509_3,Oude IJsselstreek,GM1509,51.86525,6.46745,881.0,True
oefenbot_GM1950_1,Westerwolde,GM1950,52.86917,7.04231,789.5,True
oefenbot_GM0361_1,Alkmaar,GM0361,52.60755,4.78793,764.7,True
oefenbot_GM0361_2,Alkmaar,GM0361,52.62591,4.76627,631.7,True
oefenbot_GM0148_1,Dalfsen,GM0148,52.58319,6.26914,588.0,True
oefenbot_GM0532_1,Stede Broec,GM0532,52.71566,5.21815,756.2,True
oefenbot_GM0484_1,Alphen aan den Rijn,GM0484,52.1374,4.71801,577.5,True
oefenbot_GM0484_2,Alphen aan den Rijn,GM0484,52.10194,4.68381,982.8,True
oefenbot_GM0484_3,Alphen aan den Rijn,GM0484,52.09536,4.61873,525.7,True
oefenbot_GM0772_1,Eindhoven,GM0772,51.48465,5.48726,891.5,True
oefenbot_GM0772_2,Eindhoven,GM0772,51.44752,5.39753,846.8,True
oefenbot_GM0453_1,Velsen,GM0453,52.47356,4.61824,1007.6,True
oefenbot_GM0453_2,Velsen,GM0453,52.43489,4.61169,914.4,True
oefenbot_GM0453_3,Velsen,GM0453,52.46534,4.62918,808.3,True
oefenbot_GM0523_1,Hardinxveld-Giessendam,GM0523,51.82154,4.84715,681.4,True
oefenbot_GM0523_2,Hardinxveld-Giessendam,GM0523,51.8201,4.83685,894.1,True
oefenbot_GM1960_1,West Betuwe,GM1960,51.87807,5.12863,604.9,True
oefenbot_GM0153_1,Enschede,GM0153,52.25895,6.95547,695.0,True
oefenbot_GM0153_2,Enschede,GM0153,52.22043,6.92323,1027.8,True
oefenbot_GM0153_3,Enschede,GM0153,52.23404,6.86412,1008.4,True
oefenbot_GM0153_4,Enschede,GM0153,52.2715,6.92866,1081.4,True
oefenbot_GM0246_1,Heerde,GM0246,52.44275,6.09542,1064.7,True
oefenbot_GM0373_1,Bergen (NH.),GM0373,52.63051,4.65411,865.7,True
oefenbot_GM0373_2,Bergen (NH.),GM0373,52.65082,4.66901,578.8,True
oefenbot_GM1700_1,Twenterand,GM1700,52.45033,6.49843,936.7,True
oefenbot_GM0479_1,Zaanstad,GM0479,52.47212,4.81774,1021.4,True
oefenbot_GM0479_2,Zaanstad,GM0479,52.44063,4.72879,568.7,True
oefenbot_GM0479_3,Zaanstad,GM0479,52.43401,4.76131,806.9,True
oefenbot_GM1891_1,Dantumadiel,GM1891,53.24336,5.96319,996.2,True
oefenbot_GM1891_2,Dantumadiel,GM1891,53.30102,6.02106,692.8,True
oefenbot_GM1924_1,Goeree-Overflakkee,GM1924,51.72859,4.07761,730.9,True
oefenbot_GM1924_2,Goeree-Overflakkee,GM1924,51.79313,4.10234,724.5,True
oefenbot_GM1924_3,Goeree-Overflakkee,GM1924,51.6973,4.39425,1024.9,True
